{"has_child":1,"home_url":"http:\/\/testsite.local","child_file":{"testsite.local_wpvivid-625442cea7cf5_2022-04-11-15-01_backup_core.zip":{"include_path":["wp-includes","wp-admin"],"wp_core":1,"home_url":"http:\/\/testsite.local","file_type":"wp-core","root_flag":"root","file":"testsite.local_wpvivid-625442cea7cf5_2022-04-11-15-01_backup_core.zip","php_version":"7.4.1","mysql_version":"8.0.16"},"testsite.local_wpvivid-625442cea7cf5_2022-04-11-15-01_backup_db.zip":{"dump_db":1,"home_url":"http:\/\/testsite.local","file_type":"databases","root_flag":"custom","file":"testsite.local_wpvivid-625442cea7cf5_2022-04-11-15-01_backup_db.zip","php_version":"7.4.1","mysql_version":"8.0.16"},"testsite.local_wpvivid-625442cea7cf5_2022-04-11-15-01_backup_themes.zip":{"file_type":"themes","themes":{"twentytwenty":{"slug":"twentytwenty","size":1782863},"twentytwentyone":{"slug":"twentytwentyone","size":3666363},"twentytwentytwo":{"slug":"twentytwentytwo","size":3694185}},"root_flag":"wp-content","file":"testsite.local_wpvivid-625442cea7cf5_2022-04-11-15-01_backup_themes.zip","php_version":"7.4.1","mysql_version":"8.0.16"},"testsite.local_wpvivid-625442cea7cf5_2022-04-11-15-01_backup_uploads.zip":{"file_type":"upload","root_flag":"wp-content","file":"testsite.local_wpvivid-625442cea7cf5_2022-04-11-15-01_backup_uploads.zip","php_version":"7.4.1","mysql_version":"8.0.16"},"testsite.local_wpvivid-625442cea7cf5_2022-04-11-15-01_backup_content.zip":{"file_type":"wp-content","root_flag":"root","file":"testsite.local_wpvivid-625442cea7cf5_2022-04-11-15-01_backup_content.zip","php_version":"7.4.1","mysql_version":"8.0.16"}},"root_flag":"custom","file":"testsite.local_wpvivid-625442cea7cf5_2022-04-11-15-01_backup_all.part002.zip","php_version":"7.4.1","mysql_version":"8.0.16"}