{"has_child":1,"home_url":"http:\/\/testsite.local","child_file":{"testsite.local_wpvivid-625442cea7cf5_2022-04-11-15-01_backup_plugin.zip":{"file_type":"plugin","plugin":{"advanced-custom-fields":{"slug":"advanced-custom-fields","size":9137256},"ajax-search-lite":{"slug":"ajax-search-lite","size":2246160},"beaver-builder-lite-version":{"slug":"beaver-builder-lite-version","size":23119294},"custom-post-type-ui":{"slug":"custom-post-type-ui","size":455583},"duplicate-page":{"slug":"duplicate-page","size":84117},"elementor":{"slug":"elementor","size":29733058},"facetwp-manipulator":{"slug":"facetwp-manipulator","size":2794569},"formidable":{"slug":"formidable","size":5265424},"gutentor":{"slug":"gutentor","size":13685111},"happy-elementor-addons":{"slug":"happy-elementor-addons","size":10675266},"image-hover-effects-addon-for-elementor":{"slug":"image-hover-effects-addon-for-elementor","size":136440},"megamenu":{"slug":"megamenu","size":1665422},"poll-maker":{"slug":"poll-maker","size":6009437},"popup-maker":{"slug":"popup-maker","size":4063858},"post-grid":{"slug":"post-grid","size":7705565},"post-type-switcher":{"slug":"post-type-switcher","size":29567},"premium-addons-for-elementor":{"slug":"premium-addons-for-elementor","size":7298023},"search-filter":{"slug":"search-filter","size":134876},"search-filter-pro":{"slug":"search-filter-pro","size":2619037},"templateberg":{"slug":"templateberg","size":1211034},"the-post-grid":{"slug":"the-post-grid","size":4931563},"woocommerce":{"slug":"woocommerce","size":29896112},"wp-plugin-info-card":{"slug":"wp-plugin-info-card","size":3512941}},"root_flag":"wp-content","file":"testsite.local_wpvivid-625442cea7cf5_2022-04-11-15-01_backup_plugin.zip","php_version":"7.4.1","mysql_version":"8.0.16"}},"root_flag":"custom","file":"testsite.local_wpvivid-625442cea7cf5_2022-04-11-15-01_backup_all.part001.zip","php_version":"7.4.1","mysql_version":"8.0.16"}